360	0.116	0.053	0.058	0.057	0.143	0.079	0.15	0.075	0.069	0.042	0.074	0.189	0.071	0.036	0
361	0.12	0.0534	0.0582	0.0574	0.1518	0.0794	0.1554	0.0756	0.0696	0.0422	0.075	0.1862	0.072	0.036	0
362	0.124	0.0538	0.0584	0.0578	0.1606	0.0798	0.1608	0.0762	0.0702	0.0424	0.076	0.1834	0.073	0.036	0
363	0.128	0.0542	0.0586	0.0582	0.1694	0.0802	0.1662	0.0768	0.0708	0.0426	0.077	0.1806	0.074	0.036	0
364	0.132	0.0546	0.0588	0.0586	0.1782	0.0806	0.1716	0.0774	0.0714	0.0428	0.078	0.1778	0.075	0.036	0
365	0.136	0.055	0.059	0.059	0.187	0.081	0.177	0.078	0.072	0.043	0.079	0.175	0.076	0.036	0
366	0.1406	0.0558	0.0594	0.0596	0.1962	0.0826	0.1852	0.0792	0.0722	0.0434	0.0804	0.1716	0.0772	0.036	0
367	0.1452	0.0566	0.0598	0.0602	0.2054	0.0842	0.1934	0.0804	0.0724	0.0438	0.0818	0.1682	0.0784	0.036	0
368	0.1498	0.0574	0.0602	0.0608	0.2146	0.0858	0.2016	0.0816	0.0726	0.0442	0.0832	0.1648	0.0796	0.036	0
369	0.1544	0.0582	0.0606	0.0614	0.2238	0.0874	0.2098	0.0828	0.0728	0.0446	0.0846	0.1614	0.0808	0.036	0
370	0.159	0.059	0.061	0.062	0.233	0.089	0.218	0.084	0.073	0.045	0.086	0.158	0.082	0.036	0
371	0.1652	0.06	0.0614	0.063	0.2402	0.0938	0.233	0.0852	0.0724	0.0454	0.0884	0.1542	0.0836	0.036	0
372	0.1714	0.061	0.0618	0.064	0.2474	0.0986	0.248	0.0864	0.0718	0.0458	0.0908	0.1504	0.0852	0.036	0
373	0.1776	0.062	0.0622	0.065	0.2546	0.1034	0.263	0.0876	0.0712	0.0462	0.0932	0.1466	0.0868	0.036	0
374	0.1838	0.063	0.0626	0.066	0.2618	0.1082	0.278	0.0888	0.0706	0.0466	0.0956	0.1428	0.0884	0.036	0
375	0.19	0.064	0.063	0.067	0.269	0.113	0.293	0.09	0.07	0.047	0.098	0.139	0.09	0.036	0
376	0.1958	0.0652	0.0634	0.0684	0.2742	0.1206	0.31	0.0928	0.0692	0.0476	0.1006	0.1352	0.0928	0.036	0.0262
377	0.2016	0.0664	0.0638	0.0698	0.2794	0.1282	0.327	0.0956	0.0684	0.0482	0.1032	0.1314	0.0956	0.036	0.0524
378	0.2074	0.0676	0.0642	0.0712	0.2846	0.1358	0.344	0.0984	0.0676	0.0488	0.1058	0.1276	0.0984	0.036	0.0786
379	0.2132	0.0688	0.0646	0.0726	0.2898	0.1434	0.361	0.1012	0.0668	0.0494	0.1084	0.1238	0.1012	0.036	0.1048
380	0.219	0.07	0.065	0.074	0.295	0.151	0.378	0.104	0.066	0.05	0.111	0.12	0.104	0.036	0.131
381	0.223	0.0718	0.0656	0.0758	0.2972	0.1614	0.3942	0.109	0.0652	0.0508	0.113	0.1166	0.1086	0.036	0.1326
382	0.227	0.0736	0.0662	0.0776	0.2994	0.1718	0.4104	0.114	0.0644	0.0516	0.115	0.1132	0.1132	0.036	0.1342
383	0.231	0.0754	0.0668	0.0794	0.3016	0.1822	0.4266	0.119	0.0636	0.0524	0.117	0.1098	0.1178	0.036	0.1358
384	0.235	0.0772	0.0674	0.0812	0.3038	0.1926	0.4428	0.124	0.0628	0.0532	0.119	0.1064	0.1224	0.036	0.1374
385	0.239	0.079	0.068	0.083	0.306	0.203	0.459	0.129	0.062	0.054	0.121	0.103	0.127	0.036	0.139
386	0.2416	0.081	0.0684	0.085	0.3068	0.2154	0.472	0.1372	0.0612	0.055	0.1222	0.1004	0.1338	0.0362	0.1406
387	0.2442	0.083	0.0688	0.087	0.3076	0.2278	0.485	0.1454	0.0604	0.056	0.1234	0.0978	0.1406	0.0364	0.1422
388	0.2468	0.085	0.0692	0.089	0.3084	0.2402	0.498	0.1536	0.0596	0.057	0.1246	0.0952	0.1474	0.0366	0.1438
389	0.2494	0.087	0.0696	0.091	0.3092	0.2526	0.511	0.1618	0.0588	0.058	0.1258	0.0926	0.1542	0.0368	0.1454
390	0.252	0.089	0.07	0.093	0.31	0.265	0.524	0.17	0.058	0.059	0.127	0.09	0.161	0.037	0.147
391	0.2528	0.0914	0.0704	0.0954	0.3104	0.2798	0.5284	0.184	0.0574	0.0598	0.1274	0.0884	0.171	0.0372	0.1482
392	0.2536	0.0938	0.0708	0.0978	0.3108	0.2946	0.5328	0.198	0.0568	0.0606	0.1278	0.0868	0.181	0.0374	0.1494
393	0.2544	0.0962	0.0712	0.1002	0.3112	0.3094	0.5372	0.212	0.0562	0.0614	0.1282	0.0852	0.191	0.0376	0.1506
394	0.2552	0.0986	0.0716	0.1026	0.3116	0.3242	0.5416	0.226	0.0556	0.0622	0.1286	0.0836	0.201	0.0378	0.1518
395	0.256	0.101	0.072	0.105	0.312	0.339	0.546	0.24	0.055	0.063	0.129	0.082	0.211	0.038	0.153
396	0.256	0.103	0.0722	0.1072	0.3122	0.3532	0.547	0.2558	0.0544	0.0636	0.1286	0.0808	0.2216	0.0382	0.154
397	0.256	0.105	0.0724	0.1094	0.3124	0.3674	0.548	0.2716	0.0538	0.0642	0.1282	0.0796	0.2322	0.0384	0.155
398	0.256	0.107	0.0726	0.1116	0.3126	0.3816	0.549	0.2874	0.0532	0.0648	0.1278	0.0784	0.2428	0.0386	0.156
399	0.256	0.109	0.0728	0.1138	0.3128	0.3958	0.55	0.3032	0.0526	0.0654	0.1274	0.0772	0.2534	0.0388	0.157
400	0.256	0.111	0.073	0.116	0.313	0.41	0.551	0.319	0.052	0.066	0.127	0.076	0.264	0.039	0.158
401	0.2556	0.112	0.073	0.117	0.3134	0.4208	0.5518	0.3384	0.052	0.0662	0.1258	0.0744	0.2738	0.039	0.1588
402	0.2552	0.113	0.073	0.118	0.3138	0.4316	0.5526	0.3578	0.052	0.0664	0.1246	0.0728	0.2836	0.039	0.1596
403	0.2548	0.114	0.073	0.119	0.3142	0.4424	0.5534	0.3772	0.052	0.0666	0.1234	0.0712	0.2934	0.039	0.1604
404	0.2544	0.115	0.073	0.12	0.3146	0.4532	0.5542	0.3966	0.052	0.0668	0.1222	0.0696	0.3032	0.039	0.1612
405	0.254	0.116	0.073	0.121	0.315	0.464	0.555	0.416	0.052	0.067	0.121	0.068	0.313	0.039	0.162
406	0.2536	0.1164	0.0732	0.1216	0.3158	0.4696	0.5558	0.4252	0.0518	0.0672	0.12	0.0672	0.3186	0.0392	0.1624
407	0.2532	0.1168	0.0734	0.1222	0.3166	0.4752	0.5566	0.4344	0.0516	0.0674	0.119	0.0664	0.3242	0.0394	0.1628
408	0.2528	0.1172	0.0736	0.1228	0.3174	0.4808	0.5574	0.4436	0.0514	0.0676	0.118	0.0656	0.3298	0.0396	0.1632
409	0.2524	0.1176	0.0738	0.1234	0.3182	0.4864	0.5582	0.4528	0.0512	0.0678	0.117	0.0648	0.3354	0.0398	0.1636
410	0.252	0.118	0.074	0.124	0.319	0.492	0.559	0.462	0.051	0.068	0.116	0.064	0.341	0.04	0.164
411	0.2512	0.1184	0.074	0.1244	0.3196	0.4952	0.5592	0.466	0.0508	0.0682	0.1152	0.0642	0.3432	0.0402	0.1646
412	0.2504	0.1188	0.074	0.1248	0.3202	0.4984	0.5594	0.47	0.0506	0.0684	0.1144	0.0644	0.3454	0.0404	0.1652
413	0.2496	0.1192	0.074	0.1252	0.3208	0.5016	0.5596	0.474	0.0504	0.0686	0.1136	0.0646	0.3476	0.0406	0.1658
414	0.2488	0.1196	0.074	0.1256	0.3214	0.5048	0.5598	0.478	0.0502	0.0688	0.1128	0.0648	0.3498	0.0408	0.1664
415	0.248	0.12	0.074	0.126	0.322	0.508	0.56	0.482	0.05	0.069	0.112	0.065	0.352	0.041	0.167
416	0.2472	0.1202	0.074	0.1264	0.3228	0.5098	0.5602	0.4836	0.05	0.069	0.1112	0.067	0.3534	0.0412	0.1676
417	0.2464	0.1204	0.074	0.1268	0.3236	0.5116	0.5604	0.4852	0.05	0.069	0.1104	0.069	0.3548	0.0414	0.1682
418	0.2456	0.1206	0.074	0.1272	0.3244	0.5134	0.5606	0.4868	0.05	0.069	0.1096	0.071	0.3562	0.0416	0.1688
419	0.2448	0.1208	0.074	0.1276	0.3252	0.5152	0.5608	0.4884	0.05	0.069	0.1088	0.073	0.3576	0.0418	0.1694
420	0.244	0.121	0.074	0.128	0.326	0.517	0.561	0.49	0.05	0.069	0.108	0.075	0.359	0.042	0.17
421	0.2432	0.1212	0.0738	0.1286	0.3268	0.5184	0.5604	0.4896	0.0498	0.0692	0.1074	0.0786	0.3594	0.042	0.171
422	0.2424	0.1214	0.0736	0.1292	0.3276	0.5198	0.5598	0.4892	0.0496	0.0694	0.1068	0.0822	0.3598	0.042	0.172
423	0.2416	0.1216	0.0734	0.1298	0.3284	0.5212	0.5592	0.4888	0.0494	0.0696	0.1062	0.0858	0.3602	0.042	0.173
424	0.2408	0.1218	0.0732	0.1304	0.3292	0.5226	0.5586	0.4884	0.0492	0.0698	0.1056	0.0894	0.3606	0.042	0.174
425	0.24	0.122	0.073	0.131	0.33	0.524	0.558	0.488	0.049	0.07	0.105	0.093	0.361	0.042	0.175
426	0.2394	0.122	0.073	0.1318	0.3308	0.5254	0.5576	0.4868	0.0488	0.0704	0.1048	0.099	0.3616	0.0422	0.1764
427	0.2388	0.122	0.073	0.1326	0.3316	0.5268	0.5572	0.4856	0.0486	0.0708	0.1046	0.105	0.3622	0.0424	0.1778
428	0.2382	0.122	0.073	0.1334	0.3324	0.5282	0.5568	0.4844	0.0484	0.0712	0.1044	0.111	0.3628	0.0426	0.1792
429	0.2376	0.122	0.073	0.1342	0.3332	0.5296	0.5564	0.4832	0.0482	0.0716	0.1042	0.117	0.3634	0.0428	0.1806
430	0.237	0.122	0.073	0.135	0.334	0.531	0.556	0.482	0.048	0.072	0.104	0.123	0.364	0.043	0.182
431	0.236	0.122	0.073	0.1358	0.335	0.5324	0.555	0.4802	0.0478	0.0722	0.104	0.1304	0.3642	0.0432	0.184
432	0.235	0.122	0.073	0.1366	0.336	0.5338	0.554	0.4784	0.0476	0.0724	0.104	0.1378	0.3644	0.0434	0.186
433	0.234	0.122	0.073	0.1374	0.337	0.5352	0.553	0.4766	0.0474	0.0726	0.104	0.1452	0.3646	0.0436	0.188
434	0.233	0.122	0.073	0.1382	0.338	0.5366	0.552	0.4748	0.0472	0.0728	0.104	0.1526	0.3648	0.0438	0.19
435	0.232	0.122	0.073	0.139	0.339	0.538	0.551	0.473	0.047	0.073	0.104	0.16	0.365	0.044	0.192
436	0.2316	0.1222	0.073	0.14	0.3404	0.5392	0.5496	0.4708	0.0468	0.0736	0.1042	0.1694	0.3654	0.044	0.1942
437	0.2312	0.1224	0.073	0.141	0.3418	0.5404	0.5482	0.4686	0.0466	0.0742	0.1044	0.1788	0.3658	0.044	0.1964
438	0.2308	0.1226	0.073	0.142	0.3432	0.5416	0.5468	0.4664	0.0464	0.0748	0.1046	0.1882	0.3662	0.044	0.1986
439	0.2304	0.1228	0.073	0.143	0.3446	0.5428	0.5454	0.4642	0.0462	0.0754	0.1048	0.1976	0.3666	0.044	0.2008
440	0.23	0.123	0.073	0.144	0.346	0.544	0.544	0.462	0.046	0.076	0.105	0.207	0.367	0.044	0.203
441	0.2292	0.1232	0.073	0.1454	0.3472	0.5454	0.5422	0.4596	0.0456	0.0764	0.1052	0.2168	0.3674	0.0442	0.2048
442	0.2284	0.1234	0.073	0.1468	0.3484	0.5468	0.5404	0.4572	0.0452	0.0768	0.1054	0.2266	0.3678	0.0444	0.2066
443	0.2276	0.1236	0.073	0.1482	0.3496	0.5482	0.5386	0.4548	0.0448	0.0772	0.1056	0.2364	0.3682	0.0446	0.2084
444	0.2268	0.1238	0.073	0.1496	0.3508	0.5496	0.5368	0.4524	0.0444	0.0776	0.1058	0.2462	0.3686	0.0448	0.2102
445	0.226	0.124	0.073	0.151	0.352	0.551	0.535	0.45	0.044	0.078	0.106	0.256	0.369	0.045	0.212
446	0.2258	0.1246	0.0732	0.153	0.3536	0.552	0.5324	0.4478	0.0436	0.079	0.1068	0.2648	0.3696	0.045	0.2138
447	0.2256	0.1252	0.0734	0.155	0.3552	0.553	0.5298	0.4456	0.0432	0.08	0.1076	0.2736	0.3702	0.045	0.2156
448	0.2254	0.1258	0.0736	0.157	0.3568	0.554	0.5272	0.4434	0.0428	0.081	0.1084	0.2824	0.3708	0.045	0.2174
449	0.2252	0.1264	0.0738	0.159	0.3584	0.555	0.5246	0.4412	0.0424	0.082	0.1092	0.2912	0.3714	0.045	0.2192
450	0.225	0.127	0.074	0.161	0.36	0.556	0.522	0.439	0.042	0.083	0.11	0.3	0.372	0.045	0.221
451	0.2244	0.1272	0.0742	0.1632	0.3618	0.556	0.5188	0.4364	0.0418	0.084	0.111	0.3062	0.3724	0.0452	0.2226
452	0.2238	0.1274	0.0744	0.1654	0.3636	0.556	0.5156	0.4338	0.0416	0.085	0.112	0.3124	0.3728	0.0454	0.2242
453	0.2232	0.1276	0.0746	0.1676	0.3654	0.556	0.5124	0.4312	0.0414	0.086	0.113	0.3186	0.3732	0.0456	0.2258
454	0.2226	0.1278	0.0748	0.1698	0.3672	0.556	0.5092	0.4286	0.0412	0.087	0.114	0.3248	0.3736	0.0458	0.2274
455	0.222	0.128	0.075	0.172	0.369	0.556	0.506	0.426	0.041	0.088	0.115	0.331	0.374	0.046	0.229
456	0.2216	0.1286	0.0754	0.1748	0.3714	0.5556	0.5024	0.4234	0.0404	0.0894	0.1166	0.334	0.3744	0.0462	0.2304
457	0.2212	0.1292	0.0758	0.1776	0.3738	0.5552	0.4988	0.4208	0.0398	0.0908	0.1182	0.337	0.3748	0.0464	0.2318
458	0.2208	0.1298	0.0762	0.1804	0.3762	0.5548	0.4952	0.4182	0.0392	0.0922	0.1198	0.34	0.3752	0.0466	0.2332
459	0.2204	0.1304	0.0766	0.1832	0.3786	0.5544	0.4916	0.4156	0.0386	0.0936	0.1214	0.343	0.3756	0.0468	0.2346
460	0.22	0.131	0.077	0.186	0.381	0.554	0.488	0.413	0.038	0.095	0.123	0.346	0.376	0.047	0.236
461	0.2196	0.1316	0.0776	0.1898	0.3836	0.553	0.4842	0.4098	0.0374	0.0966	0.1252	0.3462	0.3766	0.0472	0.2374
462	0.2192	0.1322	0.0782	0.1936	0.3862	0.552	0.4804	0.4066	0.0368	0.0982	0.1274	0.3464	0.3772	0.0474	0.2388
463	0.2188	0.1328	0.0788	0.1974	0.3888	0.551	0.4766	0.4034	0.0362	0.0998	0.1296	0.3466	0.3778	0.0476	0.2402
464	0.2184	0.1334	0.0794	0.2012	0.3914	0.55	0.4728	0.4002	0.0356	0.1014	0.1318	0.3468	0.3784	0.0478	0.2416
465	0.218	0.134	0.08	0.205	0.394	0.549	0.469	0.397	0.035	0.103	0.134	0.347	0.379	0.048	0.243
466	0.2176	0.1348	0.081	0.2098	0.3958	0.5474	0.4648	0.394	0.0346	0.105	0.1368	0.3458	0.38	0.0484	0.2442
467	0.2172	0.1356	0.082	0.2146	0.3976	0.5458	0.4606	0.391	0.0342	0.107	0.1396	0.3446	0.381	0.0488	0.2454
468	0.2168	0.1364	0.083	0.2194	0.3994	0.5442	0.4564	0.388	0.0338	0.109	0.1424	0.3434	0.382	0.0492	0.2466
469	0.2164	0.1372	0.084	0.2242	0.4012	0.5426	0.4522	0.385	0.0334	0.111	0.1452	0.3422	0.383	0.0496	0.2478
470	0.216	0.138	0.085	0.229	0.403	0.541	0.448	0.382	0.033	0.113	0.148	0.341	0.384	0.05	0.249
471	0.2156	0.139	0.0868	0.234	0.4044	0.539	0.4442	0.3788	0.0326	0.1154	0.1518	0.3384	0.385	0.0504	0.25
472	0.2152	0.14	0.0886	0.239	0.4058	0.537	0.4404	0.3756	0.0322	0.1178	0.1556	0.3358	0.386	0.0508	0.251
473	0.2148	0.141	0.0904	0.244	0.4072	0.535	0.4366	0.3724	0.0318	0.1202	0.1594	0.3332	0.387	0.0512	0.252
474	0.2144	0.142	0.0922	0.249	0.4086	0.533	0.4328	0.3692	0.0314	0.1226	0.1632	0.3306	0.388	0.0516	0.253
475	0.214	0.143	0.094	0.254	0.41	0.531	0.429	0.366	0.031	0.125	0.167	0.328	0.389	0.052	0.254
476	0.214	0.1444	0.097	0.2594	0.411	0.5286	0.4248	0.3632	0.0308	0.1284	0.172	0.3238	0.3906	0.0526	0.255
477	0.214	0.1458	0.1	0.2648	0.412	0.5262	0.4206	0.3604	0.0306	0.1318	0.177	0.3196	0.3922	0.0532	0.256
478	0.214	0.1472	0.103	0.2702	0.413	0.5238	0.4164	0.3576	0.0304	0.1352	0.182	0.3154	0.3938	0.0538	0.257
479	0.214	0.1486	0.106	0.2756	0.414	0.5214	0.4122	0.3548	0.0302	0.1386	0.187	0.3112	0.3954	0.0544	0.258
480	0.214	0.15	0.109	0.281	0.415	0.519	0.408	0.352	0.03	0.142	0.192	0.307	0.397	0.055	0.259
481	0.214	0.1518	0.1124	0.2864	0.4156	0.516	0.4034	0.349	0.0298	0.146	0.1974	0.302	0.3986	0.0554	0.26
482	0.214	0.1536	0.1158	0.2918	0.4162	0.513	0.3988	0.346	0.0296	0.15	0.2028	0.297	0.4002	0.0558	0.261
483	0.214	0.1554	0.1192	0.2972	0.4168	0.51	0.3942	0.343	0.0294	0.154	0.2082	0.292	0.4018	0.0562	0.262
484	0.214	0.1572	0.1226	0.3026	0.4174	0.507	0.3896	0.34	0.0292	0.158	0.2136	0.287	0.4034	0.0566	0.263
485	0.214	0.159	0.126	0.308	0.418	0.504	0.385	0.337	0.029	0.162	0.219	0.282	0.405	0.057	0.264
486	0.2144	0.162	0.1304	0.3128	0.4182	0.5008	0.3806	0.3346	0.0288	0.1674	0.2256	0.277	0.4072	0.058	0.265
487	0.2148	0.165	0.1348	0.3176	0.4184	0.4976	0.3762	0.3322	0.0286	0.1728	0.2322	0.272	0.4094	0.059	0.266
488	0.2152	0.168	0.1392	0.3224	0.4186	0.4944	0.3718	0.3298	0.0284	0.1782	0.2388	0.267	0.4116	0.06	0.267
489	0.2156	0.171	0.1436	0.3272	0.4188	0.4912	0.3674	0.3274	0.0282	0.1836	0.2454	0.262	0.4138	0.061	0.268
490	0.216	0.174	0.148	0.332	0.419	0.488	0.363	0.325	0.028	0.189	0.252	0.257	0.416	0.062	0.269
491	0.2164	0.1772	0.1528	0.336	0.4186	0.4842	0.3586	0.322	0.028	0.195	0.2598	0.2516	0.4186	0.063	0.2704
492	0.2168	0.1804	0.1576	0.34	0.4182	0.4804	0.3542	0.319	0.028	0.201	0.2676	0.2462	0.4212	0.064	0.2718
493	0.2172	0.1836	0.1624	0.344	0.4178	0.4766	0.3498	0.316	0.028	0.207	0.2754	0.2408	0.4238	0.065	0.2732
494	0.2176	0.1868	0.1672	0.348	0.4174	0.4728	0.3454	0.313	0.028	0.213	0.2832	0.2354	0.4264	0.066	0.2746
495	0.218	0.19	0.172	0.352	0.417	0.469	0.341	0.31	0.028	0.219	0.291	0.23	0.429	0.067	0.276
496	0.219	0.1934	0.1772	0.3556	0.4162	0.4652	0.3376	0.3078	0.028	0.2276	0.2978	0.2248	0.4318	0.0686	0.2776
497	0.22	0.1968	0.1824	0.3592	0.4154	0.4614	0.3342	0.3056	0.028	0.2362	0.3046	0.2196	0.4346	0.0702	0.2792
498	0.221	0.2002	0.1876	0.3628	0.4146	0.4576	0.3308	0.3034	0.028	0.2448	0.3114	0.2144	0.4374	0.0718	0.2808
499	0.222	0.2036	0.1928	0.3664	0.4138	0.4538	0.3274	0.3012	0.028	0.2534	0.3182	0.2092	0.4402	0.0734	0.2824
500	0.223	0.207	0.198	0.37	0.413	0.45	0.324	0.299	0.028	0.262	0.325	0.204	0.443	0.075	0.284
501	0.2234	0.2106	0.2026	0.3726	0.4122	0.4462	0.3214	0.297	0.0282	0.2706	0.3294	0.1988	0.4452	0.0766	0.2854
502	0.2238	0.2142	0.2072	0.3752	0.4114	0.4424	0.3188	0.295	0.0284	0.2792	0.3338	0.1936	0.4474	0.0782	0.2868
503	0.2242	0.2178	0.2118	0.3778	0.4106	0.4386	0.3162	0.293	0.0286	0.2878	0.3382	0.1884	0.4496	0.0798	0.2882
504	0.2246	0.2214	0.2164	0.3804	0.4098	0.4348	0.3136	0.291	0.0288	0.2964	0.3426	0.1832	0.4518	0.0814	0.2896
505	0.225	0.225	0.221	0.383	0.409	0.431	0.311	0.289	0.029	0.305	0.347	0.178	0.454	0.083	0.291
506	0.2252	0.2284	0.225	0.3844	0.4078	0.4276	0.309	0.2878	0.0292	0.317	0.3488	0.1732	0.4554	0.0848	0.292
507	0.2254	0.2318	0.229	0.3858	0.4066	0.4242	0.307	0.2866	0.0294	0.329	0.3506	0.1684	0.4568	0.0866	0.293
508	0.2256	0.2352	0.233	0.3872	0.4054	0.4208	0.305	0.2854	0.0296	0.341	0.3524	0.1636	0.4582	0.0884	0.294
509	0.2258	0.2386	0.237	0.3886	0.4042	0.4174	0.303	0.2842	0.0298	0.353	0.3542	0.1588	0.4596	0.0902	0.295
510	0.226	0.242	0.241	0.39	0.403	0.414	0.301	0.283	0.03	0.365	0.356	0.154	0.461	0.092	0.296
511	0.226	0.2442	0.2448	0.3908	0.4016	0.4102	0.299	0.2816	0.03	0.3752	0.3554	0.149	0.462	0.0936	0.2964
512	0.226	0.2464	0.2486	0.3916	0.4002	0.4064	0.297	0.2802	0.03	0.3854	0.3548	0.144	0.463	0.0952	0.2968
513	0.226	0.2486	0.2524	0.3924	0.3988	0.4026	0.295	0.2788	0.03	0.3956	0.3542	0.139	0.464	0.0968	0.2972
514	0.226	0.2508	0.2562	0.3932	0.3974	0.3988	0.293	0.2774	0.03	0.4058	0.3536	0.134	0.465	0.0984	0.2976
515	0.226	0.253	0.26	0.394	0.396	0.395	0.291	0.276	0.03	0.416	0.353	0.129	0.466	0.1	0.298
516	0.2258	0.2544	0.2636	0.3942	0.3946	0.3914	0.2894	0.2748	0.0302	0.4258	0.3516	0.125	0.4666	0.1016	0.2976
517	0.2256	0.2558	0.2672	0.3944	0.3932	0.3878	0.2878	0.2736	0.0304	0.4356	0.3502	0.121	0.4672	0.1032	0.2972
518	0.2254	0.2572	0.2708	0.3946	0.3918	0.3842	0.2862	0.2724	0.0306	0.4454	0.3488	0.117	0.4678	0.1048	0.2968
519	0.2252	0.2586	0.2744	0.3948	0.3904	0.3806	0.2846	0.2712	0.0308	0.4552	0.3474	0.113	0.4684	0.1064	0.2964
520	0.225	0.26	0.278	0.395	0.389	0.377	0.283	0.27	0.031	0.465	0.346	0.109	0.469	0.108	0.296
521	0.225	0.2608	0.2828	0.3944	0.3874	0.3732	0.281	0.2684	0.031	0.4738	0.3434	0.1052	0.4694	0.1106	0.2946
522	0.225	0.2616	0.2876	0.3938	0.3858	0.3694	0.279	0.2668	0.031	0.4826	0.3408	0.1014	0.4698	0.1132	0.2932
523	0.225	0.2624	0.2924	0.3932	0.3842	0.3656	0.277	0.2652	0.031	0.4914	0.3382	0.0976	0.4702	0.1158	0.2918
524	0.225	0.2632	0.2972	0.3926	0.3826	0.3618	0.275	0.2636	0.031	0.5002	0.3356	0.0938	0.4706	0.1184	0.2904
525	0.225	0.264	0.302	0.392	0.381	0.358	0.273	0.262	0.031	0.509	0.333	0.09	0.471	0.121	0.289
526	0.2254	0.2646	0.3094	0.3906	0.3792	0.3546	0.2714	0.2608	0.0312	0.5164	0.3292	0.087	0.4716	0.1234	0.2876
527	0.2258	0.2652	0.3168	0.3892	0.3774	0.3512	0.2698	0.2596	0.0314	0.5238	0.3254	0.084	0.4722	0.1258	0.2862
528	0.2262	0.2658	0.3242	0.3878	0.3756	0.3478	0.2682	0.2584	0.0316	0.5312	0.3216	0.081	0.4728	0.1282	0.2848
529	0.2266	0.2664	0.3316	0.3864	0.3738	0.3444	0.2666	0.2572	0.0318	0.5386	0.3178	0.078	0.4734	0.1306	0.2834
530	0.227	0.267	0.339	0.385	0.372	0.341	0.265	0.256	0.032	0.546	0.314	0.075	0.474	0.133	0.282
531	0.2276	0.2674	0.3452	0.3834	0.3702	0.3378	0.264	0.255	0.032	0.553	0.31	0.0724	0.4744	0.1348	0.2808
532	0.2282	0.2678	0.3514	0.3818	0.3684	0.3346	0.263	0.254	0.032	0.56	0.306	0.0698	0.4748	0.1366	0.2796
533	0.2288	0.2682	0.3576	0.3802	0.3666	0.3314	0.262	0.253	0.032	0.567	0.302	0.0672	0.4752	0.1384	0.2784
534	0.2294	0.2686	0.3638	0.3786	0.3648	0.3282	0.261	0.252	0.032	0.574	0.298	0.0646	0.4756	0.1402	0.2772
535	0.23	0.269	0.37	0.377	0.363	0.325	0.26	0.251	0.032	0.581	0.294	0.062	0.476	0.142	0.276
536	0.2312	0.2696	0.3744	0.375	0.361	0.3218	0.2594	0.2508	0.0322	0.5868	0.2894	0.0598	0.4774	0.1436	0.2756
537	0.2324	0.2702	0.3788	0.373	0.359	0.3186	0.2588	0.2506	0.0324	0.5926	0.2848	0.0576	0.4788	0.1452	0.2752
538	0.2336	0.2708	0.3832	0.371	0.357	0.3154	0.2582	0.2504	0.0326	0.5984	0.2802	0.0554	0.4802	0.1468	0.2748
539	0.2348	0.2714	0.3876	0.369	0.355	0.3122	0.2576	0.2502	0.0328	0.6042	0.2756	0.0532	0.4816	0.1484	0.2744
540	0.236	0.272	0.392	0.367	0.353	0.309	0.257	0.25	0.033	0.61	0.271	0.051	0.483	0.15	0.274
541	0.2378	0.2728	0.3934	0.3644	0.3508	0.3058	0.257	0.2502	0.0332	0.6148	0.2664	0.049	0.4844	0.1508	0.2744
542	0.2396	0.2736	0.3948	0.3618	0.3486	0.3026	0.257	0.2504	0.0334	0.6196	0.2618	0.047	0.4858	0.1516	0.2748
543	0.2414	0.2744	0.3962	0.3592	0.3464	0.2994	0.257	0.2506	0.0336	0.6244	0.2572	0.045	0.4872	0.1524	0.2752
544	0.2432	0.2752	0.3976	0.3566	0.3442	0.2962	0.257	0.2508	0.0338	0.6292	0.2526	0.043	0.4886	0.1532	0.2756
545	0.245	0.276	0.399	0.354	0.342	0.293	0.257	0.251	0.034	0.634	0.248	0.041	0.49	0.154	0.276
546	0.2466	0.2772	0.3992	0.3514	0.3398	0.2902	0.2574	0.2516	0.0342	0.6378	0.2438	0.0398	0.4932	0.1542	0.277
547	0.2482	0.2784	0.3994	0.3488	0.3376	0.2874	0.2578	0.2522	0.0344	0.6416	0.2396	0.0386	0.4964	0.1544	0.278
548	0.2498	0.2796	0.3996	0.3462	0.3354	0.2846	0.2582	0.2528	0.0346	0.6454	0.2354	0.0374	0.4996	0.1546	0.279
549	0.2514	0.2808	0.3998	0.3436	0.3332	0.2818	0.2586	0.2534	0.0348	0.6492	0.2312	0.0362	0.5028	0.1548	0.28
550	0.253	0.282	0.4	0.341	0.331	0.279	0.259	0.254	0.035	0.653	0.227	0.035	0.506	0.155	0.281
551	0.2548	0.2834	0.3986	0.3382	0.3288	0.2762	0.2592	0.2548	0.0354	0.6556	0.2228	0.0338	0.51	0.1544	0.282
552	0.2566	0.2848	0.3972	0.3354	0.3266	0.2734	0.2594	0.2556	0.0358	0.6582	0.2186	0.0326	0.514	0.1538	0.283
553	0.2584	0.2862	0.3958	0.3326	0.3244	0.2706	0.2596	0.2564	0.0362	0.6608	0.2144	0.0314	0.518	0.1532	0.284
554	0.2602	0.2876	0.3944	0.3298	0.3222	0.2678	0.2598	0.2572	0.0366	0.6634	0.2102	0.0302	0.522	0.1526	0.285
555	0.262	0.289	0.393	0.327	0.32	0.265	0.26	0.258	0.037	0.666	0.206	0.029	0.526	0.152	0.286
556	0.264	0.291	0.3904	0.324	0.3176	0.2626	0.26	0.2592	0.0378	0.6684	0.2024	0.0282	0.5314	0.151	0.287
557	0.266	0.293	0.3878	0.321	0.3152	0.2602	0.26	0.2604	0.0386	0.6708	0.1988	0.0274	0.5368	0.15	0.288
558	0.268	0.295	0.3852	0.318	0.3128	0.2578	0.26	0.2616	0.0394	0.6732	0.1952	0.0266	0.5422	0.149	0.289
559	0.27	0.297	0.3826	0.315	0.3104	0.2554	0.26	0.2628	0.0402	0.6756	0.1916	0.0258	0.5476	0.148	0.29
560	0.272	0.299	0.38	0.312	0.308	0.253	0.26	0.264	0.041	0.678	0.188	0.025	0.553	0.147	0.291
561	0.2742	0.301	0.377	0.3088	0.3056	0.2506	0.2596	0.265	0.0416	0.6798	0.1844	0.0244	0.5588	0.1456	0.2906
562	0.2764	0.303	0.374	0.3056	0.3032	0.2482	0.2592	0.266	0.0422	0.6816	0.1808	0.0238	0.5646	0.1442	0.2902
563	0.2786	0.305	0.371	0.3024	0.3008	0.2458	0.2588	0.267	0.0428	0.6834	0.1772	0.0232	0.5704	0.1428	0.2898
564	0.2808	0.307	0.368	0.2992	0.2984	0.2434	0.2584	0.268	0.0434	0.6852	0.1736	0.0226	0.5762	0.1414	0.2894
565	0.283	0.309	0.365	0.296	0.296	0.241	0.258	0.269	0.044	0.687	0.17	0.022	0.582	0.14	0.289
566	0.286	0.3116	0.3618	0.2928	0.2936	0.2396	0.2576	0.2696	0.0448	0.6882	0.1666	0.0214	0.5892	0.1386	0.2884
567	0.289	0.3142	0.3586	0.2896	0.2912	0.2382	0.2572	0.2702	0.0456	0.6894	0.1632	0.0208	0.5964	0.1372	0.2878
568	0.292	0.3168	0.3554	0.2864	0.2888	0.2368	0.2568	0.2708	0.0464	0.6906	0.1598	0.0202	0.6036	0.1358	0.2872
569	0.295	0.3194	0.3522	0.2832	0.2864	0.2354	0.2564	0.2714	0.0472	0.6918	0.1564	0.0196	0.6108	0.1344	0.2866
570	0.298	0.322	0.349	0.28	0.284	0.234	0.256	0.272	0.048	0.693	0.153	0.019	0.618	0.133	0.286
571	0.302	0.3234	0.3456	0.2766	0.2814	0.2326	0.2556	0.2724	0.0488	0.694	0.15	0.0186	0.6246	0.1314	0.2848
572	0.306	0.3248	0.3422	0.2732	0.2788	0.2312	0.2552	0.2728	0.0496	0.695	0.147	0.0182	0.6312	0.1298	0.2836
573	0.31	0.3262	0.3388	0.2698	0.2762	0.2298	0.2548	0.2732	0.0504	0.696	0.144	0.0178	0.6378	0.1282	0.2824
574	0.314	0.3276	0.3354	0.2664	0.2736	0.2284	0.2544	0.2736	0.0512	0.697	0.141	0.0174	0.6444	0.1266	0.2812
575	0.318	0.329	0.332	0.263	0.271	0.227	0.254	0.274	0.052	0.698	0.138	0.017	0.651	0.125	0.28
576	0.3226	0.3302	0.3286	0.2598	0.2688	0.2266	0.254	0.2748	0.0536	0.6986	0.1354	0.017	0.6568	0.1236	0.281
577	0.3272	0.3314	0.3252	0.2566	0.2666	0.2262	0.254	0.2756	0.0552	0.6992	0.1328	0.017	0.6626	0.1222	0.282
578	0.3318	0.3326	0.3218	0.2534	0.2644	0.2258	0.254	0.2764	0.0568	0.6998	0.1302	0.017	0.6684	0.1208	0.283
579	0.3364	0.3338	0.3184	0.2502	0.2622	0.2254	0.254	0.2772	0.0584	0.7004	0.1276	0.017	0.6742	0.1194	0.284
580	0.341	0.335	0.315	0.247	0.26	0.225	0.254	0.278	0.06	0.701	0.125	0.017	0.68	0.118	0.285
581	0.3462	0.3358	0.3118	0.2434	0.2574	0.2244	0.255	0.2792	0.0632	0.7016	0.1228	0.017	0.6842	0.1168	0.2908
582	0.3514	0.3366	0.3086	0.2398	0.2548	0.2238	0.256	0.2804	0.0664	0.7022	0.1206	0.017	0.6884	0.1156	0.2966
583	0.3566	0.3374	0.3054	0.2362	0.2522	0.2232	0.257	0.2816	0.0696	0.7028	0.1184	0.017	0.6926	0.1144	0.3024
584	0.3618	0.3382	0.3022	0.2326	0.2496	0.2226	0.258	0.2828	0.0728	0.7034	0.1162	0.017	0.6968	0.1132	0.3082
585	0.367	0.339	0.299	0.229	0.247	0.222	0.259	0.284	0.076	0.704	0.114	0.017	0.701	0.112	0.314
586	0.3716	0.3394	0.2962	0.226	0.244	0.2218	0.2612	0.2862	0.0812	0.7042	0.1124	0.0168	0.7042	0.1108	0.322
587	0.3762	0.3398	0.2934	0.223	0.241	0.2216	0.2634	0.2884	0.0864	0.7044	0.1108	0.0166	0.7074	0.1096	0.33
588	0.3808	0.3402	0.2906	0.22	0.238	0.2214	0.2656	0.2906	0.0916	0.7046	0.1092	0.0164	0.7106	0.1084	0.338
589	0.3854	0.3406	0.2878	0.217	0.235	0.2212	0.2678	0.2928	0.0968	0.7048	0.1076	0.0162	0.7138	0.1072	0.346
590	0.39	0.341	0.285	0.214	0.232	0.221	0.27	0.295	0.102	0.705	0.106	0.016	0.717	0.106	0.354
591	0.3938	0.341	0.2824	0.2108	0.2296	0.2208	0.2728	0.2992	0.1088	0.705	0.1048	0.016	0.7194	0.105	0.3628
592	0.3976	0.341	0.2798	0.2076	0.2272	0.2206	0.2756	0.3034	0.1156	0.705	0.1036	0.016	0.7218	0.104	0.3716
593	0.4014	0.341	0.2772	0.2044	0.2248	0.2204	0.2784	0.3076	0.1224	0.705	0.1024	0.016	0.7242	0.103	0.3804
594	0.4052	0.341	0.2746	0.2012	0.2224	0.2202	0.2812	0.3118	0.1292	0.705	0.1012	0.016	0.7266	0.102	0.3892
595	0.409	0.341	0.272	0.198	0.22	0.22	0.284	0.316	0.136	0.705	0.1	0.016	0.729	0.101	0.398
596	0.412	0.3412	0.2704	0.1954	0.218	0.22	0.2876	0.3224	0.1468	0.7052	0.0992	0.016	0.7304	0.1004	0.4064
597	0.415	0.3414	0.2688	0.1928	0.216	0.22	0.2912	0.3288	0.1576	0.7054	0.0984	0.016	0.7318	0.0998	0.4148
598	0.418	0.3416	0.2672	0.1902	0.214	0.22	0.2948	0.3352	0.1684	0.7056	0.0976	0.016	0.7332	0.0992	0.4232
599	0.421	0.3418	0.2656	0.1876	0.212	0.22	0.2984	0.3416	0.1792	0.7058	0.0968	0.016	0.7346	0.0986	0.4316
600	0.424	0.342	0.264	0.185	0.21	0.22	0.302	0.348	0.19	0.706	0.096	0.016	0.736	0.098	0.44
601	0.4262	0.342	0.2626	0.183	0.208	0.22	0.3064	0.3552	0.2032	0.7062	0.0952	0.016	0.7372	0.0974	0.446
602	0.4284	0.342	0.2612	0.181	0.206	0.22	0.3108	0.3624	0.2164	0.7064	0.0944	0.016	0.7384	0.0968	0.452
603	0.4306	0.342	0.2598	0.179	0.204	0.22	0.3152	0.3696	0.2296	0.7066	0.0936	0.016	0.7396	0.0962	0.458
604	0.4328	0.342	0.2584	0.177	0.202	0.22	0.3196	0.3768	0.2428	0.7068	0.0928	0.016	0.7408	0.0956	0.464
605	0.435	0.342	0.257	0.175	0.2	0.22	0.324	0.384	0.256	0.707	0.092	0.016	0.742	0.095	0.47
606	0.4364	0.342	0.256	0.1738	0.1988	0.22	0.328	0.394	0.272	0.707	0.0916	0.016	0.7426	0.0946	0.4748
607	0.4378	0.342	0.255	0.1726	0.1976	0.22	0.332	0.404	0.288	0.707	0.0912	0.016	0.7432	0.0942	0.4796
608	0.4392	0.342	0.254	0.1714	0.1964	0.22	0.336	0.414	0.304	0.707	0.0908	0.016	0.7438	0.0938	0.4844
609	0.4406	0.342	0.253	0.1702	0.1952	0.22	0.34	0.424	0.32	0.707	0.0904	0.016	0.7444	0.0934	0.4892
610	0.442	0.342	0.252	0.169	0.194	0.22	0.344	0.434	0.336	0.707	0.09	0.016	0.745	0.093	0.494
611	0.4432	0.3418	0.251	0.168	0.193	0.22	0.3476	0.4436	0.3524	0.707	0.0894	0.016	0.7454	0.0924	0.4974
612	0.4444	0.3416	0.25	0.167	0.192	0.22	0.3512	0.4532	0.3688	0.707	0.0888	0.016	0.7458	0.0918	0.5008
613	0.4456	0.3414	0.249	0.166	0.191	0.22	0.3548	0.4628	0.3852	0.707	0.0882	0.016	0.7462	0.0912	0.5042
614	0.4468	0.3412	0.248	0.165	0.19	0.22	0.3584	0.4724	0.4016	0.707	0.0876	0.016	0.7466	0.0906	0.5076
615	0.448	0.341	0.247	0.164	0.189	0.22	0.362	0.482	0.418	0.707	0.087	0.016	0.747	0.09	0.511
616	0.4484	0.341	0.2458	0.1632	0.1882	0.2206	0.365	0.4912	0.4354	0.7072	0.0866	0.016	0.7472	0.0898	0.5136
617	0.4488	0.341	0.2446	0.1624	0.1874	0.2212	0.368	0.5004	0.4528	0.7074	0.0862	0.016	0.7474	0.0896	0.5162
618	0.4492	0.341	0.2434	0.1616	0.1866	0.2218	0.371	0.5096	0.4702	0.7076	0.0858	0.016	0.7476	0.0894	0.5188
619	0.4496	0.341	0.2422	0.1608	0.1858	0.2224	0.374	0.5188	0.4876	0.7078	0.0854	0.016	0.7478	0.0892	0.5214
620	0.45	0.341	0.241	0.16	0.185	0.223	0.377	0.528	0.505	0.708	0.085	0.016	0.748	0.089	0.524
621	0.4502	0.3406	0.2398	0.1592	0.1846	0.2238	0.3794	0.536	0.5202	0.708	0.0844	0.016	0.748	0.0886	0.5262
622	0.4504	0.3402	0.2386	0.1584	0.1842	0.2246	0.3818	0.544	0.5354	0.708	0.0838	0.016	0.748	0.0882	0.5284
623	0.4506	0.3398	0.2374	0.1576	0.1838	0.2254	0.3842	0.552	0.5506	0.708	0.0832	0.016	0.748	0.0878	0.5306
624	0.4508	0.3394	0.2362	0.1568	0.1834	0.2262	0.3866	0.56	0.5658	0.708	0.0826	0.016	0.748	0.0874	0.5328
625	0.451	0.339	0.235	0.156	0.183	0.227	0.389	0.568	0.581	0.708	0.082	0.016	0.748	0.087	0.535
626	0.451	0.339	0.2338	0.1556	0.1824	0.2282	0.3912	0.5752	0.593	0.7084	0.0816	0.0164	0.748	0.0868	0.5368
627	0.451	0.339	0.2326	0.1552	0.1818	0.2294	0.3934	0.5824	0.605	0.7088	0.0812	0.0168	0.748	0.0866	0.5386
628	0.451	0.339	0.2314	0.1548	0.1812	0.2306	0.3956	0.5896	0.617	0.7092	0.0808	0.0172	0.748	0.0864	0.5404
629	0.451	0.339	0.2302	0.1544	0.1806	0.2318	0.3978	0.5968	0.629	0.7096	0.0804	0.0176	0.748	0.0862	0.5422
630	0.451	0.339	0.229	0.154	0.18	0.233	0.4	0.604	0.641	0.71	0.08	0.018	0.748	0.086	0.544
631	0.451	0.3388	0.228	0.1536	0.1794	0.2342	0.402	0.609	0.6492	0.7102	0.0798	0.018	0.748	0.0858	0.5456
632	0.451	0.3386	0.227	0.1532	0.1788	0.2354	0.404	0.614	0.6574	0.7104	0.0796	0.018	0.748	0.0856	0.5472
633	0.451	0.3384	0.226	0.1528	0.1782	0.2366	0.406	0.619	0.6656	0.7106	0.0794	0.018	0.748	0.0854	0.5488
634	0.451	0.3382	0.225	0.1524	0.1776	0.2378	0.408	0.624	0.6738	0.7108	0.0792	0.018	0.748	0.0852	0.5504
635	0.451	0.338	0.224	0.152	0.177	0.239	0.41	0.629	0.682	0.711	0.079	0.018	0.748	0.085	0.552
636	0.451	0.338	0.2232	0.1518	0.1768	0.24	0.412	0.6328	0.689	0.7112	0.0788	0.018	0.748	0.0848	0.5534
637	0.451	0.338	0.2224	0.1516	0.1766	0.241	0.414	0.6366	0.696	0.7114	0.0786	0.018	0.748	0.0846	0.5548
638	0.451	0.338	0.2216	0.1514	0.1764	0.242	0.416	0.6404	0.703	0.7116	0.0784	0.018	0.748	0.0844	0.5562
639	0.451	0.338	0.2208	0.1512	0.1762	0.243	0.418	0.6442	0.71	0.7118	0.0782	0.018	0.748	0.0842	0.5576
640	0.451	0.338	0.22	0.151	0.176	0.244	0.42	0.648	0.717	0.712	0.078	0.018	0.748	0.084	0.559
641	0.451	0.3378	0.2194	0.1506	0.1758	0.2454	0.4218	0.651	0.7216	0.7124	0.078	0.018	0.748	0.084	0.5602
642	0.451	0.3376	0.2188	0.1502	0.1756	0.2468	0.4236	0.654	0.7262	0.7128	0.078	0.018	0.748	0.084	0.5614
643	0.451	0.3374	0.2182	0.1498	0.1754	0.2482	0.4254	0.657	0.7308	0.7132	0.078	0.018	0.748	0.084	0.5626
644	0.451	0.3372	0.2176	0.1494	0.1752	0.2496	0.4272	0.66	0.7354	0.7136	0.078	0.018	0.748	0.084	0.5638
645	0.451	0.337	0.217	0.149	0.175	0.251	0.429	0.663	0.74	0.714	0.078	0.018	0.748	0.084	0.565
646	0.4508	0.3368	0.2168	0.1488	0.175	0.2524	0.4308	0.6656	0.7436	0.7144	0.078	0.0182	0.748	0.084	0.5662
647	0.4506	0.3366	0.2166	0.1486	0.175	0.2538	0.4326	0.6682	0.7472	0.7148	0.078	0.0184	0.748	0.084	0.5674
648	0.4504	0.3364	0.2164	0.1484	0.175	0.2552	0.4344	0.6708	0.7508	0.7152	0.078	0.0186	0.748	0.084	0.5686
649	0.4502	0.3362	0.2162	0.1482	0.175	0.2566	0.4362	0.6734	0.7544	0.7156	0.078	0.0188	0.748	0.084	0.5698
650	0.45	0.336	0.216	0.148	0.175	0.258	0.438	0.676	0.758	0.716	0.078	0.019	0.748	0.084	0.571
651	0.45	0.3358	0.216	0.148	0.175	0.259	0.4394	0.6778	0.7604	0.7164	0.078	0.0192	0.748	0.084	0.572
652	0.45	0.3356	0.216	0.148	0.175	0.26	0.4408	0.6796	0.7628	0.7168	0.078	0.0194	0.748	0.084	0.573
653	0.45	0.3354	0.216	0.148	0.175	0.261	0.4422	0.6814	0.7652	0.7172	0.078	0.0196	0.748	0.084	0.574
654	0.45	0.3352	0.216	0.148	0.175	0.262	0.4436	0.6832	0.7676	0.7176	0.078	0.0198	0.748	0.084	0.575
655	0.45	0.335	0.216	0.148	0.175	0.263	0.445	0.685	0.77	0.718	0.078	0.02	0.748	0.084	0.576
656	0.4502	0.3348	0.2166	0.148	0.175	0.264	0.4464	0.6866	0.7722	0.7184	0.0786	0.0206	0.7478	0.0842	0.577
657	0.4504	0.3346	0.2172	0.148	0.175	0.265	0.4478	0.6882	0.7744	0.7188	0.0792	0.0212	0.7476	0.0844	0.578
658	0.4506	0.3344	0.2178	0.148	0.175	0.266	0.4492	0.6898	0.7766	0.7192	0.0798	0.0218	0.7474	0.0846	0.579
659	0.4508	0.3342	0.2184	0.148	0.175	0.267	0.4506	0.6914	0.7788	0.7196	0.0804	0.0224	0.7472	0.0848	0.58
660	0.451	0.334	0.219	0.148	0.175	0.268	0.452	0.693	0.781	0.72	0.081	0.023	0.747	0.085	0.581
661	0.451	0.3336	0.22	0.1482	0.1754	0.269	0.453	0.6944	0.7828	0.7204	0.0814	0.0232	0.747	0.0854	0.582
662	0.451	0.3332	0.221	0.1484	0.1758	0.27	0.454	0.6958	0.7846	0.7208	0.0818	0.0234	0.747	0.0858	0.583
663	0.451	0.3328	0.222	0.1486	0.1762	0.271	0.455	0.6972	0.7864	0.7212	0.0822	0.0236	0.747	0.0862	0.584
664	0.451	0.3324	0.223	0.1488	0.1766	0.272	0.456	0.6986	0.7882	0.7216	0.0826	0.0238	0.747	0.0866	0.585
665	0.451	0.332	0.224	0.149	0.177	0.273	0.457	0.7	0.79	0.722	0.083	0.024	0.747	0.087	0.586
666	0.4514	0.332	0.2252	0.1494	0.1776	0.274	0.458	0.701	0.7914	0.7226	0.084	0.0244	0.747	0.088	0.5868
667	0.4518	0.332	0.2264	0.1498	0.1782	0.275	0.459	0.702	0.7928	0.7232	0.085	0.0248	0.747	0.089	0.5876
668	0.4522	0.332	0.2276	0.1502	0.1788	0.276	0.46	0.703	0.7942	0.7238	0.086	0.0252	0.747	0.09	0.5884
669	0.4526	0.332	0.2288	0.1506	0.1794	0.277	0.461	0.704	0.7956	0.7244	0.087	0.0256	0.747	0.091	0.5892
670	0.453	0.332	0.23	0.151	0.18	0.278	0.462	0.705	0.797	0.725	0.088	0.026	0.747	0.092	0.59
671	0.4532	0.3318	0.2316	0.1516	0.1806	0.2786	0.4628	0.7058	0.7982	0.7258	0.089	0.0268	0.747	0.0928	0.5908
672	0.4534	0.3316	0.2332	0.1522	0.1812	0.2792	0.4636	0.7066	0.7994	0.7266	0.09	0.0276	0.747	0.0936	0.5916
673	0.4536	0.3314	0.2348	0.1528	0.1818	0.2798	0.4644	0.7074	0.8006	0.7274	0.091	0.0284	0.747	0.0944	0.5924
674	0.4538	0.3312	0.2364	0.1534	0.1824	0.2804	0.4652	0.7082	0.8018	0.7282	0.092	0.0292	0.747	0.0952	0.5932
675	0.454	0.331	0.238	0.154	0.183	0.281	0.466	0.709	0.803	0.729	0.093	0.03	0.747	0.096	0.594
676	0.4542	0.331	0.2406	0.1548	0.1836	0.2814	0.4664	0.7096	0.8042	0.7294	0.0948	0.031	0.747	0.0972	0.595
677	0.4544	0.331	0.2432	0.1556	0.1842	0.2818	0.4668	0.7102	0.8054	0.7298	0.0966	0.032	0.747	0.0984	0.596
678	0.4546	0.331	0.2458	0.1564	0.1848	0.2822	0.4672	0.7108	0.8066	0.7302	0.0984	0.033	0.747	0.0996	0.597
679	0.4548	0.331	0.2484	0.1572	0.1854	0.2826	0.4676	0.7114	0.8078	0.7306	0.1002	0.034	0.747	0.1008	0.598
680	0.455	0.331	0.251	0.158	0.186	0.283	0.468	0.712	0.809	0.731	0.102	0.035	0.747	0.102	0.599
681	0.4554	0.3308	0.2546	0.1588	0.1866	0.2836	0.4684	0.7126	0.81	0.7318	0.104	0.0366	0.747	0.1036	0.5998
682	0.4558	0.3306	0.2582	0.1596	0.1872	0.2842	0.4688	0.7132	0.811	0.7326	0.106	0.0382	0.747	0.1052	0.6006
683	0.4562	0.3304	0.2618	0.1604	0.1878	0.2848	0.4692	0.7138	0.812	0.7334	0.108	0.0398	0.747	0.1068	0.6014
684	0.4566	0.3302	0.2654	0.1612	0.1884	0.2854	0.4696	0.7144	0.813	0.7342	0.11	0.0414	0.747	0.1084	0.6022
685	0.457	0.33	0.269	0.162	0.189	0.286	0.47	0.715	0.814	0.735	0.112	0.043	0.747	0.11	0.603
686	0.4572	0.3298	0.2728	0.1626	0.1896	0.287	0.4706	0.7154	0.815	0.7358	0.1146	0.0456	0.747	0.1126	0.6036
687	0.4574	0.3296	0.2766	0.1632	0.1902	0.288	0.4712	0.7158	0.816	0.7366	0.1172	0.0482	0.747	0.1152	0.6042
688	0.4576	0.3294	0.2804	0.1638	0.1908	0.289	0.4718	0.7162	0.817	0.7374	0.1198	0.0508	0.747	0.1178	0.6048
689	0.4578	0.3292	0.2842	0.1644	0.1914	0.29	0.4724	0.7166	0.818	0.7382	0.1224	0.0534	0.747	0.1204	0.6054
690	0.458	0.329	0.288	0.165	0.192	0.291	0.473	0.717	0.819	0.739	0.125	0.056	0.747	0.123	0.606
691	0.4584	0.3288	0.2928	0.1656	0.1926	0.292	0.4738	0.7174	0.82	0.7396	0.1282	0.0596	0.7468	0.1258	0.6068
692	0.4588	0.3286	0.2976	0.1662	0.1932	0.293	0.4746	0.7178	0.821	0.7402	0.1314	0.0632	0.7466	0.1286	0.6076
693	0.4592	0.3284	0.3024	0.1668	0.1938	0.294	0.4754	0.7182	0.822	0.7408	0.1346	0.0668	0.7464	0.1314	0.6084
694	0.4596	0.3282	0.3072	0.1674	0.1944	0.295	0.4762	0.7186	0.823	0.7414	0.1378	0.0704	0.7462	0.1342	0.6092
695	0.46	0.328	0.312	0.168	0.195	0.296	0.477	0.719	0.824	0.742	0.141	0.074	0.746	0.137	0.61
696	0.4604	0.328	0.3176	0.1684	0.1958	0.2972	0.4782	0.7194	0.8248	0.7428	0.145	0.0786	0.746	0.14	0.6104
697	0.4608	0.328	0.3232	0.1688	0.1966	0.2984	0.4794	0.7198	0.8256	0.7436	0.149	0.0832	0.746	0.143	0.6108
698	0.4612	0.328	0.3288	0.1692	0.1974	0.2996	0.4806	0.7202	0.8264	0.7444	0.153	0.0878	0.746	0.146	0.6112
699	0.4616	0.328	0.3344	0.1696	0.1982	0.3008	0.4818	0.7206	0.8272	0.7452	0.157	0.0924	0.746	0.149	0.6116
700	0.462	0.328	0.34	0.17	0.199	0.302	0.483	0.721	0.828	0.746	0.161	0.097	0.746	0.152	0.612
701	0.4622	0.3278	0.3452	0.1702	0.1992	0.3042	0.4842	0.7208	0.8284	0.7464	0.1652	0.1032	0.746	0.1554	0.6124
702	0.4624	0.3276	0.3504	0.1704	0.1994	0.3064	0.4854	0.7206	0.8288	0.7468	0.1694	0.1094	0.746	0.1588	0.6128
703	0.4626	0.3274	0.3556	0.1706	0.1996	0.3086	0.4866	0.7204	0.8292	0.7472	0.1736	0.1156	0.746	0.1622	0.6132
704	0.4628	0.3272	0.3608	0.1708	0.1998	0.3108	0.4878	0.7202	0.8296	0.7476	0.1778	0.1218	0.746	0.1656	0.6136
705	0.463	0.327	0.366	0.171	0.2	0.313	0.489	0.72	0.83	0.748	0.182	0.128	0.746	0.169	0.614
706	0.4632	0.3268	0.3708	0.1708	0.1998	0.3154	0.4904	0.7198	0.8302	0.7482	0.1862	0.1356	0.7458	0.1728	0.6144
707	0.4634	0.3266	0.3756	0.1706	0.1996	0.3178	0.4918	0.7196	0.8304	0.7484	0.1904	0.1432	0.7456	0.1766	0.6148
708	0.4636	0.3264	0.3804	0.1704	0.1994	0.3202	0.4932	0.7194	0.8306	0.7486	0.1946	0.1508	0.7454	0.1804	0.6152
709	0.4638	0.3262	0.3852	0.1702	0.1992	0.3226	0.4946	0.7192	0.8308	0.7488	0.1988	0.1584	0.7452	0.1842	0.6156
710	0.464	0.326	0.39	0.17	0.199	0.325	0.496	0.719	0.831	0.749	0.203	0.166	0.745	0.188	0.616
711	0.4642	0.3258	0.3944	0.1696	0.1988	0.3276	0.4974	0.7196	0.8314	0.7494	0.207	0.1748	0.7448	0.1918	0.616
712	0.4644	0.3256	0.3988	0.1692	0.1986	0.3302	0.4988	0.7202	0.8318	0.7498	0.211	0.1836	0.7446	0.1956	0.616
713	0.4646	0.3254	0.4032	0.1688	0.1984	0.3328	0.5002	0.7208	0.8322	0.7502	0.215	0.1924	0.7444	0.1994	0.616
714	0.4648	0.3252	0.4076	0.1684	0.1982	0.3354	0.5016	0.7214	0.8326	0.7506	0.219	0.2012	0.7442	0.2032	0.616
715	0.465	0.325	0.412	0.168	0.198	0.338	0.503	0.722	0.833	0.751	0.223	0.21	0.744	0.207	0.616
716	0.4652	0.3248	0.4158	0.1676	0.1976	0.3406	0.5046	0.7226	0.8334	0.7514	0.2268	0.2194	0.7438	0.2108	0.616
717	0.4654	0.3246	0.4196	0.1672	0.1972	0.3432	0.5062	0.7232	0.8338	0.7518	0.2306	0.2288	0.7436	0.2146	0.616
718	0.4656	0.3244	0.4234	0.1668	0.1968	0.3458	0.5078	0.7238	0.8342	0.7522	0.2344	0.2382	0.7434	0.2184	0.616
719	0.4658	0.3242	0.4272	0.1664	0.1964	0.3484	0.5094	0.7244	0.8346	0.7526	0.2382	0.2476	0.7432	0.2222	0.616
720	0.466	0.324	0.431	0.166	0.196	0.351	0.511	0.725	0.835	0.753	0.242	0.257	0.743	0.226	0.616
721	0.466	0.324	0.4342	0.1656	0.1958	0.3536	0.5124	0.7254	0.8352	0.7532	0.245	0.2666	0.7432	0.2294	0.616
722	0.466	0.324	0.4374	0.1652	0.1956	0.3562	0.5138	0.7258	0.8354	0.7534	0.248	0.2762	0.7434	0.2328	0.616
723	0.466	0.324	0.4406	0.1648	0.1954	0.3588	0.5152	0.7262	0.8356	0.7536	0.251	0.2858	0.7436	0.2362	0.616
724	0.466	0.324	0.4438	0.1644	0.1952	0.3614	0.5166	0.7266	0.8358	0.7538	0.254	0.2954	0.7438	0.2396	0.616
725	0.466	0.324	0.447	0.164	0.195	0.364	0.518	0.727	0.836	0.754	0.257	0.305	0.744	0.243	0.616
726	0.466	0.324	0.4496	0.164	0.195	0.3664	0.5194	0.7274	0.836	0.7542	0.2596	0.3148	0.7442	0.2464	0.6158
727	0.466	0.324	0.4522	0.164	0.195	0.3688	0.5208	0.7278	0.836	0.7544	0.2622	0.3246	0.7444	0.2498	0.6156
728	0.466	0.324	0.4548	0.164	0.195	0.3712	0.5222	0.7282	0.836	0.7546	0.2648	0.3344	0.7446	0.2532	0.6154
729	0.466	0.324	0.4574	0.164	0.195	0.3736	0.5236	0.7286	0.836	0.7548	0.2674	0.3442	0.7448	0.2566	0.6152
730	0.466	0.324	0.46	0.164	0.195	0.376	0.525	0.729	0.836	0.755	0.27	0.354	0.745	0.26	0.615
731	0.466	0.3238	0.4624	0.1642	0.1952	0.3786	0.5264	0.7292	0.8362	0.755	0.2724	0.3634	0.7456	0.2634	0.6146
732	0.466	0.3236	0.4648	0.1644	0.1954	0.3812	0.5278	0.7294	0.8364	0.755	0.2748	0.3728	0.7462	0.2668	0.6142
733	0.466	0.3234	0.4672	0.1646	0.1956	0.3838	0.5292	0.7296	0.8366	0.755	0.2772	0.3822	0.7468	0.2702	0.6138
734	0.466	0.3232	0.4696	0.1648	0.1958	0.3864	0.5306	0.7298	0.8368	0.755	0.2796	0.3916	0.7474	0.2736	0.6134
735	0.466	0.323	0.472	0.165	0.196	0.389	0.532	0.73	0.837	0.755	0.282	0.401	0.748	0.277	0.613
736	0.4662	0.3228	0.4738	0.1656	0.1962	0.3914	0.5334	0.73	0.8372	0.755	0.284	0.41	0.7484	0.2804	0.6128
737	0.4664	0.3226	0.4756	0.1662	0.1964	0.3938	0.5348	0.73	0.8374	0.755	0.286	0.419	0.7488	0.2838	0.6126
738	0.4666	0.3224	0.4774	0.1668	0.1966	0.3962	0.5362	0.73	0.8376	0.755	0.288	0.428	0.7492	0.2872	0.6124
739	0.4668	0.3222	0.4792	0.1674	0.1968	0.3986	0.5376	0.73	0.8378	0.755	0.29	0.437	0.7496	0.2906	0.6122
740	0.467	0.322	0.481	0.168	0.197	0.401	0.539	0.73	0.838	0.755	0.292	0.446	0.75	0.294	0.612
741	0.467	0.3218	0.4824	0.1688	0.1976	0.4034	0.5404	0.73	0.8382	0.755	0.294	0.4538	0.75	0.2972	0.6116
742	0.467	0.3216	0.4838	0.1696	0.1982	0.4058	0.5418	0.73	0.8384	0.755	0.296	0.4616	0.75	0.3004	0.6112
743	0.467	0.3214	0.4852	0.1704	0.1988	0.4082	0.5432	0.73	0.8386	0.755	0.298	0.4694	0.75	0.3036	0.6108
744	0.467	0.3212	0.4866	0.1712	0.1994	0.4106	0.5446	0.73	0.8388	0.755	0.3	0.4772	0.75	0.3068	0.6104
745	0.467	0.321	0.488	0.172	0.2	0.413	0.546	0.73	0.839	0.755	0.302	0.485	0.75	0.31	0.61
746	0.467	0.3208	0.489	0.173	0.2006	0.4154	0.5474	0.73	0.839	0.7552	0.3036	0.492	0.7498	0.313	0.6098
747	0.467	0.3206	0.49	0.174	0.2012	0.4178	0.5488	0.73	0.839	0.7554	0.3052	0.499	0.7496	0.316	0.6096
748	0.467	0.3204	0.491	0.175	0.2018	0.4202	0.5502	0.73	0.839	0.7556	0.3068	0.506	0.7494	0.319	0.6094
749	0.467	0.3202	0.492	0.176	0.2024	0.4226	0.5516	0.73	0.839	0.7558	0.3084	0.513	0.7492	0.322	0.6092
750	0.467	0.32	0.493	0.177	0.203	0.425	0.553	0.73	0.839	0.756	0.31	0.52	0.749	0.325	0.609
751	0.467	0.3196	0.4938	0.1778	0.2034	0.4272	0.5542	0.73	0.839	0.7562	0.3108	0.5262	0.7488	0.3278	0.6088
752	0.467	0.3192	0.4946	0.1786	0.2038	0.4294	0.5554	0.73	0.839	0.7564	0.3116	0.5324	0.7486	0.3306	0.6086
753	0.467	0.3188	0.4954	0.1794	0.2042	0.4316	0.5566	0.73	0.839	0.7566	0.3124	0.5386	0.7484	0.3334	0.6084
754	0.467	0.3184	0.4962	0.1802	0.2046	0.4338	0.5578	0.73	0.839	0.7568	0.3132	0.5448	0.7482	0.3362	0.6082
755	0.467	0.318	0.497	0.181	0.205	0.436	0.559	0.73	0.839	0.757	0.314	0.551	0.748	0.339	0.608
756	0.467	0.3176	0.4976	0.1818	0.2056	0.4382	0.5602	0.73	0.839	0.7572	0.3146	0.5562	0.748	0.3418	0.6078
757	0.467	0.3172	0.4982	0.1826	0.2062	0.4404	0.5614	0.73	0.839	0.7574	0.3152	0.5614	0.748	0.3446	0.6076
758	0.467	0.3168	0.4988	0.1834	0.2068	0.4426	0.5626	0.73	0.839	0.7576	0.3158	0.5666	0.748	0.3474	0.6074
759	0.467	0.3164	0.4994	0.1842	0.2074	0.4448	0.5638	0.73	0.839	0.7578	0.3164	0.5718	0.748	0.3502	0.6072
760	0.467	0.316	0.5	0.185	0.208	0.447	0.565	0.73	0.839	0.758	0.317	0.577	0.748	0.353	0.607
761	0.467	0.3158	0.5004	0.1858	0.2088	0.4492	0.566	0.73	0.839	0.7582	0.3182	0.5814	0.7478	0.3556	0.607
762	0.467	0.3156	0.5008	0.1866	0.2096	0.4514	0.567	0.73	0.839	0.7584	0.3194	0.5858	0.7476	0.3582	0.607
763	0.467	0.3154	0.5012	0.1874	0.2104	0.4536	0.568	0.73	0.839	0.7586	0.3206	0.5902	0.7474	0.3608	0.607
764	0.467	0.3152	0.5016	0.1882	0.2112	0.4558	0.569	0.73	0.839	0.7588	0.3218	0.5946	0.7472	0.3634	0.607
765	0.467	0.315	0.502	0.189	0.212	0.458	0.57	0.73	0.839	0.759	0.323	0.599	0.747	0.366	0.607
766	0.467	0.315	0.5026	0.1896	0.2126	0.4602	0.571	0.73	0.839	0.759	0.3244	0.6028	0.747	0.3686	0.6074
767	0.467	0.315	0.5032	0.1902	0.2132	0.4624	0.572	0.73	0.839	0.759	0.3258	0.6066	0.747	0.3712	0.6078
768	0.467	0.315	0.5038	0.1908	0.2138	0.4646	0.573	0.73	0.839	0.759	0.3272	0.6104	0.747	0.3738	0.6082
769	0.467	0.315	0.5044	0.1914	0.2144	0.4668	0.574	0.73	0.839	0.759	0.3286	0.6142	0.747	0.3764	0.6086
770	0.467	0.315	0.505	0.192	0.215	0.469	0.575	0.73	0.839	0.759	0.33	0.618	0.747	0.379	0.609
771	0.467	0.3148	0.506	0.1924	0.2154	0.4706	0.5756	0.73	0.839	0.759	0.3308	0.621	0.747	0.3812	0.6092
772	0.467	0.3146	0.507	0.1928	0.2158	0.4722	0.5762	0.73	0.839	0.759	0.3316	0.624	0.747	0.3834	0.6094
773	0.467	0.3144	0.508	0.1932	0.2162	0.4738	0.5768	0.73	0.839	0.759	0.3324	0.627	0.747	0.3856	0.6096
774	0.467	0.3142	0.509	0.1936	0.2166	0.4754	0.5774	0.73	0.839	0.759	0.3332	0.63	0.747	0.3878	0.6098
775	0.467	0.314	0.51	0.194	0.217	0.477	0.578	0.73	0.839	0.759	0.334	0.633	0.747	0.39	0.61
776	0.467	0.314	0.5112	0.1946	0.2174	0.4786	0.5786	0.73	0.839	0.759	0.3348	0.6354	0.747	0.3918	0.6102
777	0.467	0.314	0.5124	0.1952	0.2178	0.4802	0.5792	0.73	0.839	0.759	0.3356	0.6378	0.747	0.3936	0.6104
778	0.467	0.314	0.5136	0.1958	0.2182	0.4818	0.5798	0.73	0.839	0.759	0.3364	0.6402	0.747	0.3954	0.6106
779	0.467	0.314	0.5148	0.1964	0.2186	0.4834	0.5804	0.73	0.839	0.759	0.3372	0.6426	0.747	0.3972	0.6108
780	0.467	0.314	0.516	0.197	0.219	0.485	0.581	0.73	0.839	0.759	0.338	0.645	0.747	0.399	0.611
781	0.467	0.3138	0.5168	0.1976	0.2196	0.4866	0.5814	0.73	0.839	0.759	0.339	0.6472	0.7468	0.4008	0.4888
782	0.467	0.3136	0.5176	0.1982	0.2202	0.4882	0.5818	0.73	0.839	0.759	0.34	0.6494	0.7466	0.4026	0.3666
783	0.467	0.3134	0.5184	0.1988	0.2208	0.4898	0.5822	0.73	0.839	0.759	0.341	0.6516	0.7464	0.4044	0.2444
784	0.467	0.3132	0.5192	0.1994	0.2214	0.4914	0.5826	0.73	0.839	0.759	0.342	0.6538	0.7462	0.4062	0.1222
785	0.467	0.313	0.52	0.2	0.222	0.493	0.583	0.73	0.839	0.759	0.343	0.656	0.746	0.408	0
786	0.467	0.313	0.5208	0.2008	0.2228	0.4944	0.5834	0.7302	0.839	0.759	0.344	0.658	0.746	0.4096	0
787	0.467	0.313	0.5216	0.2016	0.2236	0.4958	0.5838	0.7304	0.839	0.759	0.345	0.66	0.746	0.4112	0
788	0.467	0.313	0.5224	0.2024	0.2244	0.4972	0.5842	0.7306	0.839	0.759	0.346	0.662	0.746	0.4128	0
789	0.467	0.313	0.5232	0.2032	0.2252	0.4986	0.5846	0.7308	0.839	0.759	0.347	0.664	0.746	0.4144	0
790	0.467	0.313	0.524	0.204	0.226	0.5	0.585	0.731	0.839	0.759	0.348	0.666	0.746	0.416	0
791	0.4668	0.3128	0.5246	0.2052	0.227	0.5012	0.5854	0.731	0.839	0.759	0.349	0.6676	0.746	0.4172	0
792	0.4666	0.3126	0.5252	0.2064	0.228	0.5024	0.5858	0.731	0.839	0.759	0.35	0.6692	0.746	0.4184	0
793	0.4664	0.3124	0.5258	0.2076	0.229	0.5036	0.5862	0.731	0.839	0.759	0.351	0.6708	0.746	0.4196	0
794	0.4662	0.3122	0.5264	0.2088	0.23	0.5048	0.5866	0.731	0.839	0.759	0.352	0.6724	0.746	0.4208	0
795	0.466	0.312	0.527	0.21	0.231	0.506	0.587	0.731	0.839	0.759	0.353	0.674	0.746	0.422	0
796	0.466	0.312	0.5278	0.2116	0.2322	0.5072	0.5872	0.731	0.839	0.759	0.3542	0.6752	0.746	0.4232	0
797	0.466	0.312	0.5286	0.2132	0.2334	0.5084	0.5874	0.731	0.839	0.759	0.3554	0.6764	0.746	0.4244	0
798	0.466	0.312	0.5294	0.2148	0.2346	0.5096	0.5876	0.731	0.839	0.759	0.3566	0.6776	0.746	0.4256	0
799	0.466	0.312	0.5302	0.2164	0.2358	0.5108	0.5878	0.731	0.839	0.759	0.3578	0.6788	0.746	0.4268	0
800	0.466	0.312	0.531	0.218	0.237	0.512	0.588	0.731	0.839	0.759	0.359	0.68	0.746	0.428	0
801	0.466	0.3118	0.5318	0.2194	0.2382	0.513	0.5882	0.731	0.839	0.759	0.3602	0.6812	0.7458	0.4292	0
802	0.466	0.3116	0.5326	0.2208	0.2394	0.514	0.5884	0.731	0.839	0.759	0.3614	0.6824	0.7456	0.4304	0
803	0.466	0.3114	0.5334	0.2222	0.2406	0.515	0.5886	0.731	0.839	0.759	0.3626	0.6836	0.7454	0.4316	0
804	0.466	0.3112	0.5342	0.2236	0.2418	0.516	0.5888	0.731	0.839	0.759	0.3638	0.6848	0.7452	0.4328	0
805	0.466	0.311	0.535	0.225	0.243	0.517	0.589	0.731	0.839	0.759	0.365	0.686	0.745	0.434	0
806	0.466	0.311	0.5358	0.2266	0.2442	0.5178	0.5892	0.731	0.8388	0.7588	0.3664	0.687	0.745	0.435	0
807	0.466	0.311	0.5366	0.2282	0.2454	0.5186	0.5894	0.731	0.8386	0.7586	0.3678	0.688	0.745	0.436	0
808	0.466	0.311	0.5374	0.2298	0.2466	0.5194	0.5896	0.731	0.8384	0.7584	0.3692	0.689	0.745	0.437	0
809	0.466	0.311	0.5382	0.2314	0.2478	0.5202	0.5898	0.731	0.8382	0.7582	0.3706	0.69	0.745	0.438	0
810	0.466	0.311	0.539	0.233	0.249	0.521	0.59	0.731	0.838	0.758	0.372	0.691	0.745	0.439	0
811	0.466	0.311	0.54	0.235	0.2506	0.5218	0.59	0.731	0.8378	0.7578	0.3736	0.6916	0.745	0.44	0
812	0.466	0.311	0.541	0.237	0.2522	0.5226	0.59	0.731	0.8376	0.7576	0.3752	0.6922	0.745	0.441	0
813	0.466	0.311	0.542	0.239	0.2538	0.5234	0.59	0.731	0.8374	0.7574	0.3768	0.6928	0.745	0.442	0
814	0.466	0.311	0.543	0.241	0.2554	0.5242	0.59	0.731	0.8372	0.7572	0.3784	0.6934	0.745	0.443	0
815	0.466	0.311	0.544	0.243	0.257	0.525	0.59	0.731	0.837	0.757	0.38	0.694	0.745	0.444	0
816	0.4658	0.311	0.5448	0.2452	0.2586	0.5258	0.59	0.731	0.837	0.757	0.3816	0.6946	0.745	0.4448	0
817	0.4656	0.311	0.5456	0.2474	0.2602	0.5266	0.59	0.731	0.837	0.757	0.3832	0.6952	0.745	0.4456	0
818	0.4654	0.311	0.5464	0.2496	0.2618	0.5274	0.59	0.731	0.837	0.757	0.3848	0.6958	0.745	0.4464	0
819	0.4652	0.311	0.5472	0.2518	0.2634	0.5282	0.59	0.731	0.837	0.757	0.3864	0.6964	0.745	0.4472	0
820	0.465	0.311	0.548	0.254	0.265	0.529	0.59	0.731	0.837	0.757	0.388	0.697	0.745	0.448	0
821	0.4648	0.311	0.5488	0.256	0.2666	0.5296	0.5902	0.731	0.8368	0.7568	0.3896	0.6976	0.745	0.4486	0
822	0.4646	0.311	0.5496	0.258	0.2682	0.5302	0.5904	0.731	0.8366	0.7566	0.3912	0.6982	0.745	0.4492	0
823	0.4644	0.311	0.5504	0.26	0.2698	0.5308	0.5906	0.731	0.8364	0.7564	0.3928	0.6988	0.745	0.4498	0
824	0.4642	0.311	0.5512	0.262	0.2714	0.5314	0.5908	0.731	0.8362	0.7562	0.3944	0.6994	0.745	0.4504	0
825	0.464	0.311	0.552	0.264	0.273	0.532	0.591	0.731	0.836	0.756	0.396	0.7	0.745	0.451	0
826	0.464	0.3108	0.5526	0.266	0.2744	0.5326	0.5912	0.731	0.836	0.756	0.3974	0.7004	0.745	0.4516	0
827	0.464	0.3106	0.5532	0.268	0.2758	0.5332	0.5914	0.731	0.836	0.756	0.3988	0.7008	0.745	0.4522	0
828	0.464	0.3104	0.5538	0.27	0.2772	0.5338	0.5916	0.731	0.836	0.756	0.4002	0.7012	0.745	0.4528	0
829	0.464	0.3102	0.5544	0.272	0.2786	0.5344	0.5918	0.731	0.836	0.756	0.4016	0.7016	0.745	0.4534	0
830	0.464	0.31	0.555	0.274	0.28	0.535	0.592	0.731	0.836	0.756	0.403	0.702	0.745	0.454	0
